No,Title,URL
1,python.jp: プログラミング言語 Python 総合情報サイト,https://www.python.jp/
1,Welcome to Python.org,https://www.python.org/
1,Python - Wikipedia,https://ja.wikipedia.org/wiki/Python
1,Python入門 - Let'sプログラミング,https://www.javadrive.jp/python/
1,Python3入門編のレッスン一覧 | プログラミング学習サービス ...,https://paiza.jp/works/python3/primer
1,Pythonプログラミング入門,https://utokyo-ipp.github.io/
1,初心者向けにPythonのインストールから環境構築、動作確認 ...,https://camp.trainocate.co.jp/magazine/python-install/
1,Pythonでできること6選！仕事への活用方法から学習方法まで ...,https://www.pasonatech.co.jp/workstyle/column/detail.html?p=2104
1,Python - Qiita,https://qiita.com/tags/python
2,Python | プログラミングの入門なら基礎から学べるProgate ...,https://prog-8.com/courses/python
2,開発言語「Python」、3つの新バージョンが公開 - ZDNet Japan,https://japan.zdnet.com/article/35182264/
2,Python-izm | Python の入門から応用までをサポートする学習 ...,https://www.python-izm.com/
2,PyQ（パイキュー） - 本気でプログラミングを学びたい人の ...,https://pyq.jp/
2,実践的なPythonスキルを測る試験「Python 3 エンジニア認定 ...,https://codezine.jp/article/detail/15471
2,Pythonで不統一なExcelファイル繋ぐワザの神髄 - 東洋経済 ...,https://toyokeizai.net/articles/-/503221
2,Python入門 - ＠IT,https://www.atmarkit.co.jp/ait/subtop/features/di/pybasic_index.html
2,Pythonスタートブック 大型本  2010/4/24 - 辻 真吾 - アマゾン,https://www.amazon.co.jp/Python%E3%82%B9%E3%82%BF%E3%83%BC%E3%83%88%E3%83%96%E3%83%83%E3%82%AF-%E8%BE%BB-%E7%9C%9F%E5%90%BE/dp/4774142298
2,開発言語「Python」、3つの新バージョンが公開,https://news.yahoo.co.jp/articles/2ce77832ab83a8fd0b863d7fc8211a1f0f3a5b42
2,【初心者向け】Pythonでできることとは何か？事例を用いて解説,https://www.sejuku.net/blog/3863
3,Pythonでよく見かける『if __name__ == '__main__'』を ...,https://www.youtube.com/watch?v=zY8SVx2nrks
3,「Python」インタープリター型プログラミング言語 - 窓の杜,https://forest.watch.impress.co.jp/library/software/python/
3,【連載】ゼロからはじめるPython | TECH+,https://news.mynavi.jp/techplus/series/zeropython/
3,データサイエンスのためのPython入門 - datamix,https://datamix.co.jp/catalog/python/
3,講座情報詳細｜機械学習のためのPython入門講座 - 経済産業省,https://www.meti.go.jp/policy/it_policy/jinzai/sugomori/020.html
3,Python言語入門,https://www.isc.meiji.ac.jp/~be00085/Python3/index.html
3,Pythonの波に飲み込まれたRuby、日本のケータイ敗戦との ...,https://xtech.nikkei.com/atcl/nxt/column/18/00682/011200067/
3,Python試験・資格、データ分析試験・資格を運営する一般社団 ...,https://www.pythonic-exam.com/
3,Python - 奥村研究室,https://oku.edu.mie-u.ac.jp/~okumura/python/
3,Pythonとは？大人気プログラミング言語のメリットや活用事例 ...,https://www.internetacademy.jp/it/programming/programming-basic/what-is-python.html
4,みんなのPython勉強会 - connpass,https://startpython.connpass.com/
4,Python Boot Camp(初心者向けPythonチュートリアル),https://www.pycon.jp/support/bootcamp.html
4,Pythonエンジニア認定試験 | Odyssey CBT - オデッセイ ...,https://cbt.odyssey-com.co.jp/pythonic-exam.html
4,Pythonコース、トレーニング、チュートリアル | 今 ... - Udemy,https://www.udemy.com/ja/topic/python/
4,Python入門 | 株式会社 富士通ラーニングメディア,https://www.kcc.knowledgewing.com/icm/srv/course-application/init-detail?cd=FLM&cscd=UJS60L&pcd=FLMC
4,Python学習講座,https://www.python.ambitious-engineer.com/
4,Python ： i-Learning アイ・ラーニング,https://www.i-learning.jp/service/it/python.html
4,無料のPython入門講座 プログラミングの基礎知識を身につけ ...,https://ledge.ai/jmooc-free-python-learning/
4,［Python入門］Pythonってどんな言語なの？ - ITmedia,https://atmarkit.itmedia.co.jp/ait/articles/1904/02/news024.html
4,Python Tutorial - W3Schools,https://www.w3schools.com/python/default.asp
5,Excel×Python最速仕事術｜日経BP ブックス＆テキスト Online,https://project.nikkeibp.co.jp/bnt/atcl/19/P95930/
5,PyCharm: the Python IDE for Professional Developers by ...,https://www.jetbrains.com/pycharm/
5,【入門】Pythonとは？特徴やできることを初心者向けに解説,https://tech-camp.in/note/technology/33753/
5,Python 数値計算入門,https://python.atelierkobato.com/
5,入門者のPython プログラムを作りながら基本を学ぶ,https://bookclub.kodansha.co.jp/product?item=0000275970
5,MicroPython - Python for microcontrollers,https://micropython.org/
5,Python Courses & Tutorials | Codecademy,https://www.codecademy.com/catalog/language/python
5,とほほのPython入門,https://www.tohoho-web.com/python/
5,Python 入門,https://python.keicode.com/
5,Pythonとは？人気のプログラミング言語の意味や活用方法,https://online.dhw.co.jp/kuritama/about-python/
